timestamp,session_id,codice_persona,punteggio_sorriso_0_100,apertura_bocca,occhio_sx,occhio_dx,apertura_spalle,inclinazione_spalle,inclinazione_busto,stato_posturale,valence,arousal,head_yaw,head_pitch,head_roll,head_pose_sorgente,attenzione_schermo,calibrazione_postura,etichetta_reale,emozione
2026-07-12T14:23:43,f57d629f,7,0.0,0.013,0.9689,0.9815,0.3269,173.8186,14.8503,POSTURA NEUTRA,-1.0,0.0386,3.1736,2.4112,-4.0914,MATRICE,1,IN CORSO,,NEUTRO
2026-07-12T14:23:43,f57d629f,7,0.0,0.0122,0.6583,0.6757,0.3345,173.6259,16.7955,POSTURA CHIUSA,-1.0,0.1837,2.3102,1.5072,-3.8958,MATRICE,1,IN CORSO,,NEUTRO
2026-07-12T14:23:44,f57d629f,7,0.0,0.0092,0.6647,0.7611,0.3353,173.5824,16.3012,POSTURA CHIUSA,-1.0,0.2175,2.8386,0.891,-3.6292,MATRICE,1,IN CORSO,,ARRABBIATO
2026-07-12T14:23:44,f57d629f,7,0.0,0.0082,0.9206,0.9698,0.3363,173.4227,16.7482,POSTURA CHIUSA,-1.0,0.2108,2.7524,0.9322,-3.6192,MATRICE,1,IN CORSO,,TESO
2026-07-12T14:23:45,f57d629f,7,0.0,0.0096,0.9588,0.9878,0.3368,173.2157,16.3529,POSTURA CHIUSA,-1.0,0.2101,2.8207,1.2939,-3.7015,MATRICE,1,IN CORSO,,TESO
2026-07-12T14:23:45,f57d629f,7,0.0,0.0109,0.9483,0.9812,0.3353,173.3356,16.72,POSTURA CHIUSA,-1.0,0.2126,2.9178,1.3606,-4.0166,MATRICE,1,IN CORSO,,TESO
2026-07-12T14:23:46,f57d629f,7,0.0,0.0109,0.94,0.9807,0.3375,173.0673,16.6634,POSTURA CHIUSA,-1.0,0.2155,2.895,1.1596,-4.3854,MATRICE,1,IN CORSO,,TESO
2026-07-12T14:23:47,f57d629f,7,0.0,0.0103,0.9413,0.9833,0.3342,173.0092,16.7512,POSTURA NEUTRA,-1.0,0.092,2.7793,1.089,-4.3234,MATRICE,1,COMPLETATA,,TESO
2026-07-12T14:23:47,f57d629f,7,0.0,0.0179,0.838,0.9108,0.3362,172.7616,16.585,POSTURA NEUTRA,-1.0,0.0444,2.8841,1.8005,-4.1592,MATRICE,1,COMPLETATA,,ARRABBIATO
2026-07-12T14:23:48,f57d629f,7,0.0,0.0165,0.7796,0.8828,0.3346,172.4759,15.8189,POSTURA NEUTRA,-1.0,0.0375,3.2237,1.6809,-4.0167,MATRICE,1,COMPLETATA,,ARRABBIATO
2026-07-12T14:23:48,f57d629f,7,0.0,0.0165,0.6435,0.8223,0.3394,172.5519,17.5724,POSTURA NEUTRA,-1.0,0.0392,3.9066,0.7359,-3.3493,MATRICE,1,COMPLETATA,,ARRABBIATO
2026-07-12T14:23:49,f57d629f,7,0.0,0.028,0.5972,0.8158,0.3407,172.3854,18.1433,POSTURA NEUTRA,-1.0,0.054,9.6673,0.1734,-1.271,MATRICE,1,COMPLETATA,,ARRABBIATO
2026-07-12T14:23:50,f57d629f,7,0.0,0.0261,0.4177,0.6091,0.3378,171.7741,16.1804,POSTURA NEUTRA,-1.0,0.0589,9.7623,-1.9623,-1.2159,MATRICE,1,COMPLETATA,,ARRABBIATO
2026-07-12T14:23:50,f57d629f,7,0.0,0.0083,0.4174,0.61,0.3458,171.2938,14.9825,POSTURA NEUTRA,-1.0,0.0303,8.0794,-1.5223,-3.003,MATRICE,1,COMPLETATA,,ARRABBIATO
2026-07-12T14:23:51,f57d629f,7,0.0,0.0052,0.4129,0.4901,0.3478,171.3708,14.5824,POSTURA NEUTRA,-1.0,0.018,7.0239,-0.8495,-2.9752,MATRICE,1,COMPLETATA,,ARRABBIATO
2026-07-12T14:23:51,f57d629f,7,0.0,0.0133,0.4881,0.6169,0.342,172.6143,14.2989,POSTURA NEUTRA,-1.0,0.0355,1.2741,-3.8415,-1.6252,MATRICE,1,COMPLETATA,,ARRABBIATO
2026-07-12T14:23:52,f57d629f,7,0.01,0.006,0.6479,0.7831,0.334,174.7379,13.2744,POSTURA NEUTRA,-1.0,0.0205,-0.999,-9.1672,-1.4699,MATRICE,1,COMPLETATA,,NEUTRO
2026-07-12T14:23:53,f57d629f,7,0.01,0.0051,0.7015,0.8514,0.3342,173.8076,14.7434,POSTURA NEUTRA,-1.0,0.0168,-0.8085,-8.1229,-1.455,MATRICE,1,COMPLETATA,,NEUTRO
2026-07-12T14:23:53,f57d629f,7,0.0,0.0064,0.7246,0.8962,0.3291,174.3397,10.2221,POSTURA NEUTRA,-1.0,0.0175,-0.3994,-7.0646,-1.7616,MATRICE,1,COMPLETATA,,NEUTRO
2026-07-12T14:23:54,f57d629f,7,0.0,0.0092,0.6463,0.8564,0.3284,176.5052,9.5746,POSTURA NEUTRA,-1.0,0.0189,-0.2953,-7.3887,-1.5599,MATRICE,1,COMPLETATA,,NEUTRO
2026-07-12T14:23:54,f57d629f,7,0.01,0.0141,0.496,0.7317,0.3284,175.2617,12.496,POSTURA NEUTRA,-1.0,0.0285,0.5676,-6.6547,-0.7877,MATRICE,1,COMPLETATA,,ARRABBIATO
2026-07-12T14:23:55,f57d629f,7,0.01,0.0115,0.6067,0.795,0.3319,176.3987,13.88,POSTURA NEUTRA,-1.0,0.0399,0.5795,-4.1862,-0.609,MATRICE,1,COMPLETATA,,ARRABBIATO
2026-07-12T14:23:56,f57d629f,7,0.01,0.0054,0.7236,0.8236,0.3279,177.19,12.3165,POSTURA NEUTRA,-1.0,0.0194,-1.5621,-8.432,-2.1426,MATRICE,1,COMPLETATA,,ARRABBIATO
2026-07-12T14:23:56,f57d629f,7,0.0,0.0068,0.5904,0.7993,0.3247,177.0341,11.5643,POSTURA NEUTRA,-1.0,0.015,-1.4634,-7.5318,-2.6267,MATRICE,1,COMPLETATA,,ARRABBIATO
2026-07-12T14:23:57,f57d629f,7,0.29,0.0051,0.2806,0.6636,0.3246,176.5858,12.2751,POSTURA NEUTRA,-0.9971,0.0168,-0.0626,-0.2182,-1.8848,MATRICE,1,COMPLETATA,,ARRABBIATO
2026-07-12T14:23:57,f57d629f,7,0.06,0.0084,0.339,0.735,0.3238,175.4213,12.3089,POSTURA NEUTRA,-0.9991,0.0187,2.3497,3.6833,-1.7226,MATRICE,1,COMPLETATA,,ARRABBIATO
2026-07-12T14:23:58,f57d629f,7,0.0,0.0149,0.4488,0.6923,0.3204,176.8421,11.4874,POSTURA NEUTRA,-0.9999,0.0285,3.1562,1.8092,-2.2222,MATRICE,1,COMPLETATA,,ARRABBIATO
2026-07-12T14:23:59,f57d629f,7,0.01,0.0049,0.3127,0.6628,0.326,167.5046,13.0698,POSTURA NEUTRA,-1.0,0.0322,3.2733,3.9775,-2.8582,MATRICE,1,COMPLETATA,,ARRABBIATO
2026-07-12T14:23:59,f57d629f,7,0.0,0.011,0.4183,0.5929,0.3273,174.4743,13.6441,POSTURA NEUTRA,-1.0,0.0246,3.6034,2.3378,-2.6933,MATRICE,1,COMPLETATA,,ARRABBIATO
2026-07-12T14:24:00,f57d629f,7,0.0,0.0293,0.8625,0.8956,0.3348,179.1353,13.5774,POSTURA NEUTRA,-1.0,0.0394,2.518,2.2001,-2.2706,MATRICE,1,COMPLETATA,,ARRABBIATO
2026-07-12T14:24:00,f57d629f,7,0.0,0.0611,0.9221,0.9465,0.3295,179.3258,12.7595,POSTURA NEUTRA,-1.0,0.1047,2.5933,3.4732,-1.5217,MATRICE,1,COMPLETATA,,ARRABBIATO
2026-07-12T14:24:01,f57d629f,7,0.0,0.0551,0.9496,0.9714,0.3243,178.8462,10.8479,POSTURA NEUTRA,-1.0,0.0993,3.0446,3.7067,-1.2171,MATRICE,1,COMPLETATA,,ARRABBIATO
2026-07-12T14:24:01,f57d629f,7,0.0,0.0183,0.8461,0.921,0.3255,179.1789,13.4547,POSTURA NEUTRA,-1.0,0.0529,0.5209,-0.3233,-2.0998,MATRICE,1,COMPLETATA,,ARRABBIATO
2026-07-12T14:24:02,f57d629f,7,87.44,0.0152,0.8236,0.917,0.3257,178.8138,13.2814,POSTURA NEUTRA,0.2976,0.0328,-1.1356,-3.4011,-3.3752,MATRICE,1,COMPLETATA,,NEUTRO
2026-07-12T14:24:03,f57d629f,7,92.83,0.0161,0.7012,0.8417,0.32,178.6673,12.8249,POSTURA NEUTRA,0.8139,0.037,-0.8156,-3.7517,-3.4312,MATRICE,1,COMPLETATA,,SERENO
2026-07-12T14:24:03,f57d629f,7,57.27,0.0087,0.8035,0.9146,0.3178,179.7609,13.8068,POSTURA NEUTRA,-0.262,0.0211,-1.3729,-3.4298,-3.5904,MATRICE,1,COMPLETATA,,SERENO
2026-07-12T14:24:04,f57d629f,7,88.59,0.0098,0.749,0.8811,0.3197,178.853,13.6798,POSTURA NEUTRA,0.7044,0.0238,-1.1359,-1.3768,-3.5451,MATRICE,1,COMPLETATA,,SERENO
2026-07-12T14:24:04,f57d629f,7,61.93,0.0095,0.7638,0.8824,0.3242,179.4443,12.384,POSTURA NEUTRA,0.3955,0.023,-1.8157,-1.1257,-3.5498,MATRICE,1,COMPLETATA,,SERENO
2026-07-12T14:24:05,f57d629f,7,2.16,0.0024,0.7922,0.9079,0.328,179.3322,13.6329,POSTURA NEUTRA,-0.821,0.0111,-2.7355,-4.0262,-3.0392,MATRICE,1,COMPLETATA,,SERENO
2026-07-12T14:24:06,f57d629f,7,1.9,0.0019,0.7678,0.9032,0.3314,178.5903,12.7183,POSTURA NEUTRA,-0.9523,0.0084,-2.6982,-4.4305,-2.8784,MATRICE,1,COMPLETATA,,ARRABBIATO
2026-07-12T14:24:06,f57d629f,7,0.92,0.0022,0.7859,0.9062,0.3235,177.5574,10.6511,POSTURA NEUTRA,-0.9772,0.0087,-2.6469,-4.6391,-2.938,MATRICE,1,COMPLETATA,,ARRABBIATO
2026-07-12T14:24:07,f57d629f,7,0.14,0.0031,0.8425,0.9378,0.3243,178.8334,13.5411,POSTURA NEUTRA,-0.9959,0.0106,-2.7698,-5.7499,-2.7102,MATRICE,1,COMPLETATA,,NEUTRO
2026-07-12T14:24:07,f57d629f,7,0.06,0.003,0.86,0.9446,0.3261,179.2548,12.8282,POSTURA NEUTRA,-0.9997,0.0107,-2.6759,-5.5312,-2.7205,MATRICE,1,COMPLETATA,,NEUTRO
2026-07-12T14:24:08,f57d629f,7,0.04,0.0031,0.8355,0.9325,0.3233,177.7668,12.9024,POSTURA NEUTRA,-1.0,0.0113,-2.3208,-4.9875,-2.7295,MATRICE,1,COMPLETATA,,NEUTRO
2026-07-12T14:24:09,f57d629f,7,39.83,0.4056,0.8857,0.9425,0.325,177.7504,10.8515,POSTURA NEUTRA,-0.6093,0.423,-2.9429,-5.1431,-2.2436,MATRICE,1,COMPLETATA,,NEUTRO
2026-07-12T14:24:09,f57d629f,7,55.15,0.5887,0.7476,0.8598,0.3126,178.5562,13.4941,POSTURA NEUTRA,0.0496,0.9536,-2.1998,-8.4686,-1.4162,MATRICE,1,COMPLETATA,,FELICE
2026-07-12T14:24:10,f57d629f,7,70.85,0.5256,0.8872,0.9438,0.3108,177.3864,13.001,POSTURA NEUTRA,0.3183,0.936,-1.2954,-7.9498,-1.3023,MATRICE,1,COMPLETATA,,FELICE
2026-07-12T14:24:10,f57d629f,7,77.88,0.5366,0.9533,0.9799,0.3123,177.1405,13.2654,POSTURA NEUTRA,0.5394,0.9919,-0.9173,-8.9951,-0.5081,MATRICE,1,COMPLETATA,,MOLTO FELICE
2026-07-12T14:24:11,f57d629f,7,69.99,0.6721,0.9588,0.9838,0.3134,175.9998,10.1586,POSTURA NEUTRA,0.4739,0.9995,-0.5729,-8.8404,-0.1971,MATRICE,1,COMPLETATA,,FELICE
2026-07-12T14:24:12,f57d629f,7,59.25,0.6634,0.9489,0.9842,0.3128,176.9801,13.4175,POSTURA NEUTRA,0.2372,1.0,0.6121,-8.5227,0.3083,MATRICE,1,COMPLETATA,,FELICE
2026-07-12T14:24:12,f57d629f,7,66.52,0.617,0.9532,0.9624,0.3116,173.8234,12.1951,POSTURA NEUTRA,0.2848,1.0,7.1056,-8.318,7.2761,MATRICE,1,COMPLETATA,,SORPRESO
2026-07-12T14:24:13,f57d629f,7,73.18,0.6253,0.9674,0.9752,0.3127,173.0712,15.6093,POSTURA NEUTRA,0.4365,1.0,8.0084,-8.7177,9.0011,MATRICE,1,COMPLETATA,,FELICE
2026-07-12T14:24:13,f57d629f,7,65.52,0.6846,0.984,0.989,0.3153,172.2147,15.8563,POSTURA NEUTRA,0.3328,1.0,9.9592,-7.1398,14.1722,MATRICE,1,COMPLETATA,,FELICE
2026-07-12T14:24:14,f57d629f,7,7.47,0.2589,0.5909,0.6357,0.3189,170.4418,13.7156,POSTURA NEUTRA,-0.4135,0.6876,9.643,-8.7048,10.3757,MATRICE,1,COMPLETATA,,FELICE
2026-07-12T14:24:15,f57d629f,7,0.92,0.0235,0.7474,0.8993,0.3296,176.2143,13.8114,POSTURA NEUTRA,-0.913,0.1235,-0.1844,-6.4869,-10.2579,MATRICE,1,COMPLETATA,,ARRABBIATO
2026-07-12T14:24:15,f57d629f,7,0.86,0.0039,0.8089,0.9169,0.3346,175.6504,14.8368,POSTURA NEUTRA,-0.9815,0.0389,0.2408,-4.1961,-11.5107,MATRICE,1,COMPLETATA,,ARRABBIATO
2026-07-12T14:24:16,f57d629f,7,0.5,0.002,0.5201,0.6089,0.3359,175.933,15.4742,POSTURA NEUTRA,-0.9878,0.0565,0.075,-3.985,-11.0495,MATRICE,1,COMPLETATA,,ARRABBIATO
2026-07-12T14:24:16,f57d629f,7,0.1,0.002,0.7347,0.8348,0.3355,175.1279,14.3882,POSTURA NEUTRA,-0.9974,0.037,-0.3713,-4.5755,-10.3796,MATRICE,1,COMPLETATA,,ARRABBIATO
2026-07-12T14:24:17,f57d629f,7,0.01,0.0025,0.74,0.8646,0.3324,175.9585,14.6037,POSTURA NEUTRA,-0.9998,0.0264,-3.8683,-6.6941,-5.7763,MATRICE,1,COMPLETATA,,NEUTRO
2026-07-12T14:24:18,f57d629f,7,0.02,0.003,0.7322,0.8841,0.3357,175.0047,14.5778,POSTURA NEUTRA,-1.0,0.0226,-1.7366,-5.5533,-1.7547,MATRICE,1,COMPLETATA,,NEUTRO
2026-07-12T14:24:18,f57d629f,7,0.01,0.0045,0.6567,0.7522,0.3307,174.0023,14.1932,POSTURA NEUTRA,-1.0,0.0259,0.325,-3.3036,-3.19,MATRICE,1,COMPLETATA,,ARRABBIATO
2026-07-12T14:24:19,f57d629f,7,0.0,0.007,0.8382,0.917,0.3344,174.3978,15.2053,POSTURA NEUTRA,-1.0,0.0246,1.6099,-3.0788,-5.4464,MATRICE,1,COMPLETATA,,ARRABBIATO
2026-07-12T14:24:19,f57d629f,7,0.0,0.0064,0.8922,0.9632,0.3322,174.1332,15.7332,POSTURA NEUTRA,-1.0,0.024,1.8041,-2.6648,-5.32,MATRICE,1,COMPLETATA,,NEUTRO
2026-07-12T14:24:20,f57d629f,7,0.0,0.0073,0.884,0.9649,0.3336,173.5127,14.4617,POSTURA NEUTRA,-1.0,0.0264,1.7205,-2.8216,-4.9948,MATRICE,1,COMPLETATA,,NEUTRO
2026-07-12T14:24:20,f57d629f,7,0.0,0.0085,0.8719,0.9603,0.3343,173.3648,15.777,POSTURA NEUTRA,-1.0,0.0289,1.788,-2.5159,-4.8092,MATRICE,1,COMPLETATA,,NEUTRO
2026-07-12T14:24:21,f57d629f,7,0.0,0.0071,0.8456,0.9526,0.3359,173.0963,14.8163,POSTURA NEUTRA,-1.0,0.0277,1.6616,-2.2363,-4.6894,MATRICE,1,COMPLETATA,,NEUTRO
2026-07-12T14:24:22,f57d629f,7,0.0,0.0063,0.7652,0.8675,0.3341,172.7122,14.7863,POSTURA NEUTRA,-1.0,0.0265,1.5665,-2.2265,-4.5455,MATRICE,1,COMPLETATA,,NEUTRO
2026-07-12T14:24:22,f57d629f,7,0.0,0.0081,0.7096,0.8415,0.3335,173.1347,15.3303,POSTURA NEUTRA,-1.0,0.0338,1.7632,-2.105,-4.4292,MATRICE,1,COMPLETATA,,ARRABBIATO
2026-07-12T14:24:23,f57d629f,7,0.0,0.0064,0.8915,0.9597,0.3352,172.2508,16.2994,POSTURA NEUTRA,-1.0,0.0251,1.7602,-1.881,-4.2554,MATRICE,1,COMPLETATA,,NEUTRO
2026-07-12T14:24:23,f57d629f,7,0.0,0.0089,0.88,0.9573,0.3353,173.6055,15.4232,POSTURA NEUTRA,-1.0,0.0295,1.7786,-1.8047,-4.3401,MATRICE,1,COMPLETATA,,NEUTRO
2026-07-12T14:24:24,f57d629f,7,0.0,0.0067,0.883,0.9583,0.3336,173.3357,15.1919,POSTURA NEUTRA,-1.0,0.0267,1.6448,-1.6057,-4.304,MATRICE,1,COMPLETATA,,NEUTRO
2026-07-12T14:24:25,f57d629f,7,0.0,0.0061,0.8673,0.9343,0.3354,172.8187,15.972,POSTURA NEUTRA,-1.0,0.0259,1.6375,-1.6126,-4.0924,MATRICE,1,COMPLETATA,,NEUTRO
2026-07-12T14:24:40,819dcdb4,3,0.0,0.0046,0.908,0.9595,0.328,173.7657,15.7702,POSTURA NEUTRA,-1.0,0.0422,3.3403,1.0798,-4.097,MATRICE,1,IN CORSO,,NEUTRO
2026-07-12T14:24:41,819dcdb4,3,0.0,0.0054,0.9043,0.9672,0.3307,173.3276,16.2676,POSTURA CHIUSA,-1.0,0.1748,2.9079,0.1522,-3.6552,MATRICE,1,IN CORSO,,NEUTRO
2026-07-12T14:24:42,819dcdb4,3,0.0,0.0057,0.9042,0.9719,0.3339,172.887,17.5484,POSTURA CHIUSA,-1.0,0.2043,2.6997,-0.2735,-3.5013,MATRICE,1,IN CORSO,,TESO
2026-07-12T14:24:42,819dcdb4,3,0.0,0.0056,0.8924,0.9656,0.3329,173.5094,16.8466,POSTURA CHIUSA,-1.0,0.2047,2.7522,-0.297,-3.5537,MATRICE,1,IN CORSO,,TESO
2026-07-12T14:24:43,819dcdb4,3,0.0,0.0053,0.8803,0.9616,0.3317,172.9253,16.7162,POSTURA CHIUSA,-1.0,0.207,2.8479,-0.2881,-3.6143,MATRICE,1,IN CORSO,,TESO
2026-07-12T14:24:43,819dcdb4,3,0.0,0.005,0.6303,0.6962,0.331,173.3984,16.4975,POSTURA CHIUSA,-1.0,0.2108,0.3713,-4.2671,-0.9363,MATRICE,1,IN CORSO,,ARRABBIATO
2026-07-12T14:24:44,819dcdb4,3,0.01,0.0036,0.7232,0.7981,0.3304,172.9173,16.9272,POSTURA CHIUSA,-1.0,0.1966,-1.8237,-7.9322,2.4086,MATRICE,1,IN CORSO,,TESO
2026-07-12T14:24:44,819dcdb4,3,0.01,0.0035,0.7659,0.8591,0.3337,172.3481,17.8679,POSTURA NEUTRA,-1.0,0.0741,-1.289,-7.1828,2.3897,MATRICE,1,COMPLETATA,,TESO
2026-07-12T14:24:45,819dcdb4,3,0.0,0.0083,0.7812,0.8701,0.3327,172.5598,18.107,POSTURA NEUTRA,-1.0,0.0254,2.1448,-6.4346,0.872,MATRICE,1,COMPLETATA,,ARRABBIATO
2026-07-12T14:24:46,819dcdb4,3,0.0,0.008,0.8167,0.9009,0.3329,172.2105,17.5233,POSTURA NEUTRA,-1.0,0.0239,2.6373,-6.1481,0.5952,MATRICE,1,COMPLETATA,,ARRABBIATO
2026-07-12T14:24:46,819dcdb4,3,0.0,0.0073,0.8139,0.8924,0.3333,172.5455,16.9665,POSTURA NEUTRA,-1.0,0.0225,2.5496,-6.1153,0.6277,MATRICE,1,COMPLETATA,,NEUTRO
2026-07-12T14:24:47,819dcdb4,3,0.0,0.0075,0.8217,0.9098,0.3339,172.5088,17.2329,POSTURA NEUTRA,-1.0,0.0212,2.4541,-5.7751,0.6917,MATRICE,1,COMPLETATA,,NEUTRO
2026-07-12T14:24:47,819dcdb4,3,0.0,0.0082,0.5584,0.682,0.331,172.3123,17.0411,POSTURA NEUTRA,-1.0,0.0427,2.1816,-5.5859,0.721,MATRICE,1,COMPLETATA,,ARRABBIATO
2026-07-12T14:24:48,819dcdb4,3,0.0,0.0077,0.8549,0.9352,0.3296,172.6555,16.4504,POSTURA NEUTRA,-1.0,0.0283,2.2759,-4.7836,0.6241,MATRICE,1,COMPLETATA,,NEUTRO
2026-07-12T14:24:49,819dcdb4,3,0.0,0.009,0.8426,0.9283,0.3328,172.9304,16.5692,POSTURA NEUTRA,-1.0,0.0262,2.2798,-5.0791,0.5212,MATRICE,1,COMPLETATA,,NEUTRO
2026-07-12T14:24:49,819dcdb4,3,0.0,0.0099,0.8364,0.9173,0.3335,172.6028,16.5092,POSTURA NEUTRA,-1.0,0.0265,2.255,-5.2205,0.5182,MATRICE,1,COMPLETATA,,NEUTRO
2026-07-12T14:24:50,819dcdb4,3,0.0,0.0098,0.8504,0.9245,0.3316,172.6589,16.485,POSTURA NEUTRA,-1.0,0.0296,2.3746,-4.9927,0.3307,MATRICE,1,COMPLETATA,,NEUTRO
2026-07-12T14:24:50,819dcdb4,3,0.0,0.0078,0.8708,0.937,0.3327,173.1375,15.7096,POSTURA NEUTRA,-1.0,0.0311,1.8441,-4.5438,-1.5897,MATRICE,1,COMPLETATA,,NEUTRO
2026-07-12T14:24:51,819dcdb4,3,69.28,0.0049,0.6657,0.8001,0.3336,173.6132,15.5363,POSTURA NEUTRA,-0.2665,0.0256,1.0581,-1.6431,-6.9801,MATRICE,1,COMPLETATA,,NEUTRO
2026-07-12T14:24:52,819dcdb4,3,93.32,0.0049,0.6678,0.8228,0.3328,173.4001,17.249,POSTURA NEUTRA,0.7729,0.0268,-0.4871,-2.3932,-7.5664,MATRICE,1,COMPLETATA,,SERENO
2026-07-12T14:24:52,819dcdb4,3,93.95,0.0045,0.6705,0.8041,0.3321,172.9119,17.0989,POSTURA NEUTRA,0.8639,0.0266,-0.5875,-1.9586,-7.3342,MATRICE,1,COMPLETATA,,SERENO
2026-07-12T14:24:53,819dcdb4,3,93.09,0.0056,0.625,0.7745,0.3335,173.3336,17.382,POSTURA NEUTRA,0.8572,0.0245,-0.6628,-1.1249,-7.1055,MATRICE,1,COMPLETATA,,SERENO
2026-07-12T14:24:53,819dcdb4,3,3.41,0.002,0.6405,0.7187,0.3341,174.438,16.8913,POSTURA NEUTRA,-0.6906,0.0231,-1.0186,-2.0334,-7.3455,MATRICE,1,COMPLETATA,,ARRABBIATO
2026-07-12T14:24:54,819dcdb4,3,1.26,0.0014,0.7538,0.8648,0.3326,174.6275,15.4886,POSTURA NEUTRA,-0.9549,0.0161,-0.8758,-2.5107,-7.131,MATRICE,1,COMPLETATA,,ARRABBIATO
2026-07-12T14:24:55,819dcdb4,3,0.57,0.0015,0.7901,0.9087,0.3319,174.2628,15.5243,POSTURA NEUTRA,-0.9845,0.0187,-0.9121,-2.6686,-6.8019,MATRICE,1,COMPLETATA,,ARRABBIATO
2026-07-12T14:24:55,819dcdb4,3,0.08,0.0023,0.8041,0.9181,0.3316,174.2689,15.8761,POSTURA NEUTRA,-0.9985,0.0187,-1.03,-3.2038,-6.5238,MATRICE,1,COMPLETATA,,ARRABBIATO
2026-07-12T14:24:56,819dcdb4,3,0.03,0.0031,0.5899,0.6782,0.3324,174.827,15.1868,POSTURA NEUTRA,-0.9999,0.0237,-0.9711,-3.2576,-6.3242,MATRICE,1,COMPLETATA,,ARRABBIATO
2026-07-12T14:24:56,819dcdb4,3,0.02,0.0033,0.6877,0.8232,0.3305,174.7628,14.9353,POSTURA NEUTRA,-1.0,0.0261,-0.9828,-3.3023,-6.5618,MATRICE,1,COMPLETATA,,ARRABBIATO
2026-07-12T14:24:57,819dcdb4,3,0.01,0.003,0.7741,0.8982,0.3314,174.3481,14.8619,POSTURA NEUTRA,-1.0,0.0202,-1.3899,-3.3541,-6.4504,MATRICE,1,COMPLETATA,,ARRABBIATO
2026-07-12T14:24:58,819dcdb4,3,0.01,0.0027,0.8393,0.934,0.3316,174.7955,14.9817,POSTURA NEUTRA,-1.0,0.0223,-1.6204,-3.4365,-6.1566,MATRICE,1,COMPLETATA,,NEUTRO
2026-07-12T14:24:58,819dcdb4,3,0.01,0.0029,0.8066,0.9155,0.3338,174.6421,14.8848,POSTURA NEUTRA,-1.0,0.0224,-1.7203,-3.3856,-6.1002,MATRICE,1,COMPLETATA,,NEUTRO
2026-07-12T14:24:59,819dcdb4,3,0.0,0.0035,0.8155,0.9221,0.3329,174.5844,15.7626,POSTURA NEUTRA,-1.0,0.0257,-1.6923,-3.2527,-5.9479,MATRICE,1,COMPLETATA,,ARRABBIATO
2026-07-12T14:24:59,819dcdb4,3,0.0,0.0037,0.8329,0.9311,0.3327,174.6451,15.9395,POSTURA NEUTRA,-1.0,0.0244,-1.6435,-2.9614,-6.0403,MATRICE,1,COMPLETATA,,NEUTRO
2026-07-12T14:25:00,819dcdb4,3,0.04,0.0015,0.869,0.9369,0.3338,174.5572,16.8989,POSTURA NEUTRA,-1.0,0.0162,-1.3666,-4.3336,-6.4822,MATRICE,1,COMPLETATA,,NEUTRO
2026-07-12T14:25:01,819dcdb4,3,0.02,0.0013,0.5712,0.6414,0.3344,174.0184,15.5395,POSTURA NEUTRA,-1.0,0.0254,3.3443,-4.5651,-7.8679,MATRICE,1,COMPLETATA,,ARRABBIATO
2026-07-12T14:25:01,819dcdb4,3,0.01,0.0023,0.7457,0.8171,0.3333,171.6382,17.0593,POSTURA NEUTRA,-1.0,0.0278,9.6794,-2.3042,-9.1408,MATRICE,1,COMPLETATA,,ARRABBIATO
2026-07-12T14:25:02,819dcdb4,3,0.0,0.0035,0.8809,0.9526,0.3322,173.0297,16.1886,POSTURA NEUTRA,-1.0,0.0208,3.8742,-2.3706,-6.4113,MATRICE,1,COMPLETATA,,NEUTRO
2026-07-12T14:25:02,819dcdb4,3,0.01,0.0031,0.5703,0.6669,0.3335,174.0494,15.2885,POSTURA NEUTRA,-1.0,0.0426,2.3245,-1.7193,-5.5219,MATRICE,1,COMPLETATA,,ARRABBIATO
2026-07-12T14:41:22,4c55a4ae,7,0.0,0.0055,0.9365,0.9581,0.3178,178.0716,8.9966,POSTURA NEUTRA,-1.0,0.1074,-1.2163,-0.0714,-3.1054,MATRICE,1,IN CORSO,,NEUTRO
2026-07-12T14:41:22,4c55a4ae,7,0.0,0.0066,0.9436,0.9699,0.304,178.2283,9.9656,POSTURA NEUTRA,-1.0,0.0905,-0.8873,-0.6974,-2.8671,MATRICE,1,IN CORSO,,NEUTRO
2026-07-12T14:41:23,4c55a4ae,7,0.0,0.0084,0.9571,0.98,0.2986,177.3188,8.5456,POSTURA NEUTRA,-1.0,0.0974,-0.7467,-0.0791,-2.9345,MATRICE,1,IN CORSO,,NEUTRO
2026-07-12T14:41:23,4c55a4ae,7,0.0,0.0097,0.9617,0.9833,0.3036,177.4813,10.8795,POSTURA NEUTRA,-1.0,0.0994,-0.7368,-0.4154,-2.8334,MATRICE,1,IN CORSO,,NEUTRO
2026-07-12T14:41:24,4c55a4ae,7,0.0,0.0078,0.9684,0.987,0.2989,177.5909,8.7925,POSTURA NEUTRA,-1.0,0.106,-0.6234,0.2516,-2.7402,MATRICE,1,IN CORSO,,NEUTRO
2026-07-12T14:41:25,4c55a4ae,7,0.0,0.0072,0.946,0.9691,0.3035,177.4107,11.1626,POSTURA NEUTRA,-1.0,0.1299,-0.886,0.2482,-2.6881,MATRICE,1,IN CORSO,,NEUTRO
2026-07-12T14:41:25,4c55a4ae,7,0.0,0.0066,0.91,0.9381,0.3027,176.7741,11.1473,POSTURA NEUTRA,-1.0,0.1454,-0.7727,-0.0361,-2.6363,MATRICE,1,IN CORSO,,NEUTRO
2026-07-12T14:41:26,4c55a4ae,7,0.0,0.0066,0.9172,0.9494,0.306,176.9083,9.9198,POSTURA NEUTRA,-1.0,0.1397,-0.7746,0.1503,-2.5261,MATRICE,1,COMPLETATA,,NEUTRO
2026-07-12T14:41:26,4c55a4ae,7,0.0,0.0058,0.9244,0.9542,0.3036,177.842,10.3136,POSTURA NEUTRA,-1.0,0.1368,-0.7771,-0.0305,-2.4871,MATRICE,1,COMPLETATA,,NEUTRO
2026-07-12T14:41:27,4c55a4ae,7,0.0,0.0055,0.9078,0.9419,0.305,178.1674,9.3134,POSTURA NEUTRA,-1.0,0.1401,-0.6165,-0.2884,-2.5549,MATRICE,1,COMPLETATA,,NEUTRO
2026-07-12T14:41:28,4c55a4ae,7,0.0,0.0063,0.8877,0.9366,0.2991,178.0167,10.176,POSTURA NEUTRA,-1.0,0.1442,-0.6719,0.1854,-2.6015,MATRICE,1,COMPLETATA,,ARRABBIATO
2026-07-12T14:41:28,4c55a4ae,7,0.0,0.0067,0.9112,0.9572,0.2984,178.3006,10.8684,POSTURA NEUTRA,-1.0,0.1454,-0.7228,0.3306,-2.6167,MATRICE,1,COMPLETATA,,NEUTRO
2026-07-12T14:41:29,4c55a4ae,7,0.0,0.0055,0.9021,0.9419,0.2954,179.344,11.9198,POSTURA NEUTRA,-1.0,0.1517,-0.6535,0.2307,-2.4631,MATRICE,1,COMPLETATA,,NEUTRO
2026-07-12T14:41:29,4c55a4ae,7,0.0,0.0087,0.8908,0.9429,0.3005,177.1689,8.3783,POSTURA NEUTRA,-1.0,0.1824,-0.7849,0.5796,-2.3235,MATRICE,1,COMPLETATA,,NEUTRO
2026-07-12T14:41:30,4c55a4ae,7,0.0,0.0085,0.6334,0.7058,0.3138,178.6004,8.6651,POSTURA NEUTRA,-1.0,0.1678,0.8334,-0.2654,-2.966,MATRICE,1,COMPLETATA,,ARRABBIATO
2026-07-12T14:41:31,4c55a4ae,7,0.0,0.0104,0.8052,0.8859,0.3158,177.9601,8.0694,POSTURA NEUTRA,-1.0,0.1954,0.5972,0.211,-2.9494,MATRICE,1,COMPLETATA,,ARRABBIATO
2026-07-12T14:41:31,4c55a4ae,7,0.0,0.0081,0.7308,0.7176,0.3061,177.8622,8.4276,POSTURA NEUTRA,-1.0,0.1565,0.585,0.9494,-2.6813,MATRICE,1,COMPLETATA,,ARRABBIATO
2026-07-12T14:41:32,4c55a4ae,7,0.0,0.0071,0.9096,0.9301,0.3108,177.568,8.7882,POSTURA NEUTRA,-1.0,0.1287,0.571,1.3896,-2.8509,MATRICE,1,COMPLETATA,,ARRABBIATO
2026-07-12T14:41:32,4c55a4ae,7,94.43,0.0284,0.7075,0.8508,0.3126,177.9081,8.8248,POSTURA NEUTRA,0.7235,0.0792,0.8985,-0.0694,-2.2639,MATRICE,1,COMPLETATA,,ARRABBIATO
2026-07-12T14:41:33,4c55a4ae,7,94.43,0.0286,0.7531,0.8661,0.3103,178.3136,9.2041,POSTURA NEUTRA,0.8756,0.0683,0.6334,-1.0358,-1.8368,MATRICE,1,COMPLETATA,,SERENO
2026-07-12T14:41:34,4c55a4ae,7,95.32,0.0181,0.5353,0.7033,0.3157,178.1092,10.2283,POSTURA NEUTRA,0.8753,0.0718,-0.1461,0.2117,-1.7752,MATRICE,1,COMPLETATA,,SERENO
2026-07-12T14:41:34,4c55a4ae,7,93.37,0.0231,0.5068,0.7374,0.3317,176.9017,14.3194,POSTURA NEUTRA,0.8261,0.0635,0.0812,-1.1477,-2.5569,MATRICE,1,COMPLETATA,,SERENO
2026-07-12T14:41:35,4c55a4ae,7,96.38,0.0132,0.408,0.6225,0.3306,176.756,14.5038,POSTURA NEUTRA,0.9087,0.071,0.2629,-0.1082,-2.5145,MATRICE,1,COMPLETATA,,SERENO
2026-07-12T14:41:35,4c55a4ae,7,96.36,0.0245,0.5512,0.7498,0.3293,176.7761,14.2178,POSTURA NEUTRA,0.9221,0.0694,0.3098,0.6735,-1.8308,MATRICE,1,COMPLETATA,,SERENO
2026-07-12T14:41:36,4c55a4ae,7,96.1,0.0381,0.6598,0.8308,0.3279,176.3864,14.996,POSTURA NEUTRA,0.9146,0.0799,0.2513,0.052,-2.0286,MATRICE,1,COMPLETATA,,SERENO
2026-07-12T14:41:37,4c55a4ae,7,96.32,0.0304,0.6122,0.8053,0.3272,176.5016,14.5599,POSTURA NEUTRA,0.9216,0.0806,0.1135,-0.5239,-1.9888,MATRICE,1,COMPLETATA,FELICE,SERENO
2026-07-12T14:41:37,4c55a4ae,7,96.21,0.0323,0.6125,0.7981,0.3246,176.5907,14.7674,POSTURA NEUTRA,0.919,0.0742,-0.0844,-0.7989,-1.9452,MATRICE,1,COMPLETATA,FELICE,SERENO
2026-07-12T14:41:38,4c55a4ae,7,96.2,0.0283,0.5433,0.7782,0.3254,176.7943,15.2246,POSTURA NEUTRA,0.9214,0.0777,-0.1587,-0.4617,-1.7018,MATRICE,1,COMPLETATA,FELICE,SERENO
2026-07-12T14:41:38,4c55a4ae,7,95.85,0.028,0.5478,0.7731,0.3285,176.6835,14.0529,POSTURA NEUTRA,0.9156,0.0766,-0.2563,-0.2786,-1.5647,MATRICE,1,COMPLETATA,FELICE,SERENO
2026-07-12T14:41:39,4c55a4ae,7,95.56,0.0371,0.6599,0.8408,0.3279,176.5996,14.4353,POSTURA NEUTRA,0.9081,0.0785,-0.3576,-0.6421,-1.4744,MATRICE,1,COMPLETATA,FELICE,SERENO
2026-07-12T14:41:39,4c55a4ae,7,95.7,0.0395,0.6087,0.812,0.3281,176.6033,14.2524,POSTURA NEUTRA,0.9077,0.0842,-0.3571,-0.6734,-1.4896,MATRICE,1,COMPLETATA,FELICE,SERENO
2026-07-12T14:41:40,4c55a4ae,7,95.73,0.0423,0.6608,0.8441,0.3251,176.4204,14.4863,POSTURA NEUTRA,0.9046,0.0853,-0.4302,-0.2185,-1.6552,MATRICE,1,COMPLETATA,FELICE,SERENO
2026-07-12T14:41:41,4c55a4ae,7,95.82,0.037,0.5491,0.7449,0.329,176.7741,14.6078,POSTURA NEUTRA,0.9086,0.0874,-0.5269,0.8166,-1.6885,MATRICE,1,COMPLETATA,FELICE,SERENO
2026-07-12T14:41:41,4c55a4ae,7,95.35,0.0295,0.5869,0.7996,0.3303,177.229,14.4272,POSTURA NEUTRA,0.9043,0.0697,-0.5166,0.4753,-1.4378,MATRICE,1,COMPLETATA,FELICE,SERENO
2026-07-12T14:41:42,4c55a4ae,7,95.8,0.0295,0.5504,0.781,0.3311,177.7799,14.5476,POSTURA NEUTRA,0.9101,0.0729,-0.3964,0.2691,-1.0949,MATRICE,1,COMPLETATA,FELICE,SERENO
2026-07-12T14:41:42,4c55a4ae,7,95.55,0.0291,0.556,0.7971,0.3284,177.1901,14.8493,POSTURA NEUTRA,0.9084,0.0742,-0.5636,0.3396,-0.923,MATRICE,1,COMPLETATA,FELICE,SERENO
2026-07-12T14:41:43,4c55a4ae,7,95.47,0.0316,0.5333,0.7766,0.3285,177.5284,15.0507,POSTURA NEUTRA,0.9068,0.075,-0.5612,0.5276,-0.9155,MATRICE,1,COMPLETATA,FELICE,SERENO
2026-07-12T14:41:44,4c55a4ae,7,95.26,0.0319,0.5627,0.7679,0.3298,177.8811,13.8903,POSTURA NEUTRA,0.9037,0.0818,-0.6165,0.9737,-1.1007,MATRICE,1,COMPLETATA,FELICE,SERENO
2026-07-12T14:41:44,4c55a4ae,7,95.11,0.024,0.6036,0.8045,0.3276,177.7293,14.6256,POSTURA NEUTRA,0.899,0.0669,-0.6057,0.9453,-1.1702,MATRICE,1,COMPLETATA,FELICE,SERENO
2026-07-12T14:41:45,4c55a4ae,7,94.85,0.0227,0.6784,0.8429,0.3288,177.4933,14.6926,POSTURA NEUTRA,0.8922,0.0593,-0.6737,0.8932,-0.9522,MATRICE,1,COMPLETATA,FELICE,SERENO
2026-07-12T14:41:45,4c55a4ae,7,62.38,0.0156,0.7286,0.8646,0.3298,177.0657,14.9883,POSTURA NEUTRA,0.6148,0.0477,-0.9264,1.159,-1.2357,MATRICE,1,COMPLETATA,FELICE,SERENO
2026-07-12T14:41:46,4c55a4ae,7,2.66,0.0024,0.4493,0.6088,0.3294,177.7684,14.5612,POSTURA NEUTRA,-0.8205,0.0671,-0.9057,1.4301,-0.9205,MATRICE,1,COMPLETATA,FELICE,ARRABBIATO
